x.jpg,x.jpg,1
x.jpg,1.jpg,0
x.jpg,2.jpg,1
x.jpg,3.jpg,1
x.jpg,4.jpg,1
x.jpg,5.jpg,1
x.jpg,6.jpg,1
x.jpg,7.jpg,1
x.jpg,8.jpg,1
x.jpg,9.jpg,1
x.jpg,10.jpg,1
x.jpg,11.jpg,1
x.jpg,12.jpg,1
x.jpg,13.jpg,1
x.jpg,14.jpg,1
x.jpg,15.jpg,1
x.jpg,16.jpg,0
x.jpg,17.jpg,0
x.jpg,18.jpg,1
x.jpg,19.jpg,1
x.jpg,20.jpg,0
x.jpg,21.jpg,0
x.jpg,22.jpg,0
x.jpg,23.jpg,1
x.jpg,24.jpg,0
x.jpg,25.jpg,0
x.jpg,26.jpg,1
x.jpg,27.jpg,0
x.jpg,28.jpg,0
x.jpg,29.jpg,0
x.jpg,30.jpg,0
x.jpg,31.jpg,0
x.jpg,32.jpg,0
x.jpg,33.jpg,0
x.jpg,34.jpg,0
x.jpg,35.jpg,0
x.jpg,36.jpg,0
x.jpg,37.jpg,0
x.jpg,38.jpg,0
x.jpg,39.jpg,0
x.jpg,40.jpg,0
x.jpg,41.jpg,0
x.jpg,42.jpg,0
